{
  "version": 1,
  "author": "Anonymous maker",
  "editor": "wokwi",
  "parts": [
    { "type": "wokwi-breadboard", "id": "bb1", "top": -3, "left": -26, "attrs": {} },
    { "type": "wokwi-arduino-uno", "id": "uno", "top": 279, "left": -19.8, "attrs": {} },
    {
      "type": "wokwi-pushbutton",
      "id": "btn1",
      "top": -70.6,
      "left": 38.4,
      "attrs": { "color": "black" }
    },
    {
      "type": "wokwi-led-bar-graph",
      "id": "bargraph1",
      "top": -139.2,
      "left": 148.8,
      "attrs": { "color": "GYR" }
    },
    {
      "type": "wokwi-rgb-led",
      "id": "rgb1",
      "top": -92,
      "left": 250.7,
      "attrs": { "common": "anode" }
    },
    {
      "type": "wokwi-photoresistor-sensor",
      "id": "ldr1",
      "top": -102.4,
      "left": 298.4,
      "attrs": {}
    }
  ],
  "connections": [
    [ "uno:GND.1", "bb1:bn.1", "black", [ "v-28.8", "h-76.5" ] ],
    [ "uno:5V", "bb1:bp.1", "red", [ "v19.1", "h-178.6", "v-259.2" ] ],
    [ "bb1:bp.50", "bb1:tp.50", "red", [ "v-0.9", "h56.8", "v-172.8" ] ],
    [ "bb1:bn.50", "bb1:tn.50", "black", [ "v-1.3", "h66.4", "v-172.8" ] ],
    [ "btn1:1.l", "bb1:tn.1", "black", [ "h0" ] ],
    [ "btn1:2.r", "bb1:1t.a", "green", [ "h9.8", "v19.4", "h-115.2" ] ],
    [ "uno:2", "bb1:1t.e", "green", [ "v-19.2", "h-216.7" ] ],
    [ "bargraph1:C1", "bb1:tn.20", "black", [ "v0", "h38.62" ] ],
    [ "bargraph1:C6", "bb1:tn.19", "black", [ "h0" ] ],
    [ "bargraph1:C10", "bb1:tn.18", "black", [ "h0" ] ],
    [ "bargraph1:A1", "bb1:14t.a", "#8f4814", [ "h0" ] ],
    [ "bargraph1:A6", "bb1:15t.a", "orange", [ "h0" ] ],
    [ "bargraph1:A10", "bb1:16t.a", "gold", [ "h0" ] ],
    [ "bb1:14t.e", "uno:13", "#8f4814", [ "v172.8", "h-19.2" ] ],
    [ "bb1:15t.e", "uno:7", "orange", [ "v172.8", "h38.4" ] ],
    [ "bb1:16t.e", "uno:4", "gold", [ "v163.2", "h57.6" ] ],
    [ "rgb1:R", "bb1:28t.a", "violet", [ "v0" ] ],
    [ "rgb1:G", "bb1:30t.a", "gray", [ "v0" ] ],
    [ "rgb1:B", "bb1:31t.a", "blue", [ "v0" ] ],
    [ "bb1:28t.e", "uno:9", "violet", [ "v192", "h-115.2" ] ],
    [ "bb1:30t.e", "uno:5", "gray", [ "v172.8", "h-86.4" ] ],
    [ "bb1:31t.e", "uno:6", "blue", [ "v153.6", "h-105.6" ] ],
    [ "rgb1:COM", "bb1:tp.23", "red", [ "v0" ] ],
    [ "ldr1:AO", "bb1:33t.a", "purple", [ "h0", "v28.1", "h-163.2" ] ],
    [ "ldr1:VCC", "bb1:tp.44", "red", [ "h0" ] ],
    [ "ldr1:GND", "bb1:tn.43", "black", [ "h0" ] ],
    [ "bb1:33t.e", "uno:A0", "purple", [ "v412.8", "h-115.2" ] ]
  ],
  "dependencies": {}
}